{
  "n_known_lenses_total": 68,
  "n_known_lenses_in_footprint": 68,
  "n_hard_negatives_total": 20,
  "n_hard_negatives_in_footprint": 14,
  "recall@0.5": 0.029411764705882353,
  "n_detected@0.5": 2,
  "contamination@0.5": 0.07142857142857142,
  "n_false_pos@0.5": 1,
  "recall@0.7": 0.014705882352941176,
  "n_detected@0.7": 1,
  "contamination@0.7": 0.07142857142857142,
  "n_false_pos@0.7": 1,
  "recall@0.9": 0.0,
  "n_detected@0.9": 0,
  "contamination@0.9": 0.07142857142857142,
  "n_false_pos@0.9": 1,
  "p_lens_mean_known_lenses": 0.2324610390316914,
  "p_lens_median_known_lenses": 0.20877566933631897,
  "p_lens_std_known_lenses": 0.1262605467636879,
  "p_lens_mean_hard_neg": 0.32330006094915525,
  "p_lens_median_hard_neg": 0.28979480266571045,
  "p_lens_std_hard_neg": 0.2226466629467041
}