{
  "split": "test",
  "threshold": 0.5,
  "overall_negatives": {
    "n": 62072,
    "fp": 92,
    "fpr": 0.0014821497615672122
  },
  "by_pool": {
    "N1": {
      "n": 52670,
      "fp": 41,
      "fpr": 0.0007784317448262768
    },
    "N2": {
      "n": 9402,
      "fp": 51,
      "fpr": 0.005424377791959157
    }
  },
  "by_confuser_category": {
    "blue_clumpy": {
      "n": 690,
      "fp": 0,
      "fpr": 0.0
    },
    "edge_on_proxy": {
      "n": 5929,
      "fp": 44,
      "fpr": 0.0074211502782931356
    },
    "large_galaxy": {
      "n": 1031,
      "fp": 3,
      "fpr": 0.002909796314258002
    },
    "ring_proxy": {
      "n": 1752,
      "fp": 4,
      "fpr": 0.00228310502283105
    }
  }
}