{
  "baseline": {
    "add_poisson_noise": false,
    "gain_e_per_nmgy": null,
    "clip_range_override": null,
    "beta_frac_range": [
      0.1,
      0.55
    ],
    "seed": 42,
    "results_by_bin": {
      "18-19": {
        "mag_lo": 18.0,
        "mag_hi": 19.0,
        "n_scored": 200,
        "detection_rate_p03": 0.17,
        "detection_rate_p05": 0.09,
        "median_score": 0.08036650593209019,
        "median_arc_snr": 1556.217041015625
      },
      "19-20": {
        "mag_lo": 19.0,
        "mag_hi": 20.0,
        "n_scored": 200,
        "detection_rate_p03": 0.245,
        "detection_rate_p05": 0.18,
        "median_score": 0.08926850303320591,
        "median_arc_snr": 671.5050659179688
      },
      "20-21": {
        "mag_lo": 20.0,
        "mag_hi": 21.0,
        "n_scored": 200,
        "detection_rate_p03": 0.275,
        "detection_rate_p05": 0.17,
        "median_score": 0.11519289375109236,
        "median_arc_snr": 250.11821746826172
      },
      "21-22": {
        "mag_lo": 21.0,
        "mag_hi": 22.0,
        "n_scored": 200,
        "detection_rate_p03": 0.355,
        "detection_rate_p05": 0.27,
        "median_score": 0.10078308517421261,
        "median_arc_snr": 101.43048858642578
      },
      "22-23": {
        "mag_lo": 22.0,
        "mag_hi": 23.0,
        "n_scored": 200,
        "detection_rate_p03": 0.31,
        "detection_rate_p05": 0.275,
        "median_score": 0.04303412200459062,
        "median_arc_snr": 39.33487510681152
      },
      "23-24": {
        "mag_lo": 23.0,
        "mag_hi": 24.0,
        "n_scored": 200,
        "detection_rate_p03": 0.24,
        "detection_rate_p05": 0.185,
        "median_score": 0.002351957681405915,
        "median_arc_snr": 15.59960126876831
      },
      "24-25": {
        "mag_lo": 24.0,
        "mag_hi": 25.0,
        "n_scored": 200,
        "detection_rate_p03": 0.085,
        "detection_rate_p05": 0.07,
        "median_score": 0.00011320786158628565,
        "median_arc_snr": 6.193751335144043
      },
      "25-26": {
        "mag_lo": 25.0,
        "mag_hi": 26.0,
        "n_scored": 200,
        "detection_rate_p03": 0.01,
        "detection_rate_p05": 0.005,
        "median_score": 1.8909169182569234e-05,
        "median_arc_snr": 2.312371611595154
      }
    }
  },
  "poisson_g150": {
    "add_poisson_noise": true,
    "gain_e_per_nmgy": 150.0,
    "clip_range_override": null,
    "beta_frac_range": [
      0.1,
      0.55
    ],
    "seed": 42,
    "results_by_bin": {
      "18-19": {
        "mag_lo": 18.0,
        "mag_hi": 19.0,
        "n_scored": 200,
        "detection_rate_p03": 0.145,
        "detection_rate_p05": 0.07,
        "median_score": 0.03479215324758114,
        "median_arc_snr": 1550.8175048828125
      },
      "19-20": {
        "mag_lo": 19.0,
        "mag_hi": 20.0,
        "n_scored": 200,
        "detection_rate_p03": 0.18,
        "detection_rate_p05": 0.12,
        "median_score": 0.032770206098419095,
        "median_arc_snr": 675.4894409179688
      },
      "20-21": {
        "mag_lo": 20.0,
        "mag_hi": 21.0,
        "n_scored": 200,
        "detection_rate_p03": 0.255,
        "detection_rate_p05": 0.2,
        "median_score": 0.03300204478086728,
        "median_arc_snr": 249.86675262451172
      },
      "21-22": {
        "mag_lo": 21.0,
        "mag_hi": 22.0,
        "n_scored": 200,
        "detection_rate_p03": 0.335,
        "detection_rate_p05": 0.305,
        "median_score": 0.036310925185740556,
        "median_arc_snr": 100.9781608581543
      },
      "22-23": {
        "mag_lo": 22.0,
        "mag_hi": 23.0,
        "n_scored": 200,
        "detection_rate_p03": 0.295,
        "detection_rate_p05": 0.265,
        "median_score": 0.013185147727323047,
        "median_arc_snr": 40.14411735534668
      },
      "23-24": {
        "mag_lo": 23.0,
        "mag_hi": 24.0,
        "n_scored": 200,
        "detection_rate_p03": 0.175,
        "detection_rate_p05": 0.155,
        "median_score": 0.0006350764147612065,
        "median_arc_snr": 15.214784622192383
      },
      "24-25": {
        "mag_lo": 24.0,
        "mag_hi": 25.0,
        "n_scored": 200,
        "detection_rate_p03": 0.06,
        "detection_rate_p05": 0.05,
        "median_score": 5.753816764826129e-05,
        "median_arc_snr": 6.225628852844238
      },
      "25-26": {
        "mag_lo": 25.0,
        "mag_hi": 26.0,
        "n_scored": 200,
        "detection_rate_p03": 0.01,
        "detection_rate_p05": 0.0,
        "median_score": 2.3338036664978514e-05,
        "median_arc_snr": 2.3020012378692627
      }
    }
  },
  "clip20": {
    "add_poisson_noise": false,
    "gain_e_per_nmgy": null,
    "clip_range_override": 20.0,
    "beta_frac_range": [
      0.1,
      0.55
    ],
    "seed": 42,
    "results_by_bin": {
      "18-19": {
        "mag_lo": 18.0,
        "mag_hi": 19.0,
        "n_scored": 200,
        "detection_rate_p03": 0.305,
        "detection_rate_p05": 0.12,
        "median_score": 0.1713473562352451,
        "median_arc_snr": 1556.217041015625
      },
      "19-20": {
        "mag_lo": 19.0,
        "mag_hi": 20.0,
        "n_scored": 200,
        "detection_rate_p03": 0.32,
        "detection_rate_p05": 0.14,
        "median_score": 0.169486591331367,
        "median_arc_snr": 671.5050659179688
      },
      "20-21": {
        "mag_lo": 20.0,
        "mag_hi": 21.0,
        "n_scored": 200,
        "detection_rate_p03": 0.37,
        "detection_rate_p05": 0.235,
        "median_score": 0.15089903178354142,
        "median_arc_snr": 250.11821746826172
      },
      "21-22": {
        "mag_lo": 21.0,
        "mag_hi": 22.0,
        "n_scored": 200,
        "detection_rate_p03": 0.405,
        "detection_rate_p05": 0.3,
        "median_score": 0.13960986615610427,
        "median_arc_snr": 101.43048858642578
      },
      "22-23": {
        "mag_lo": 22.0,
        "mag_hi": 23.0,
        "n_scored": 200,
        "detection_rate_p03": 0.35,
        "detection_rate_p05": 0.295,
        "median_score": 0.08393453850919617,
        "median_arc_snr": 39.33487510681152
      },
      "23-24": {
        "mag_lo": 23.0,
        "mag_hi": 24.0,
        "n_scored": 200,
        "detection_rate_p03": 0.145,
        "detection_rate_p05": 0.14,
        "median_score": 0.0019289608124141986,
        "median_arc_snr": 15.59960126876831
      },
      "24-25": {
        "mag_lo": 24.0,
        "mag_hi": 25.0,
        "n_scored": 200,
        "detection_rate_p03": 0.045,
        "detection_rate_p05": 0.035,
        "median_score": 8.454865630302415e-05,
        "median_arc_snr": 6.193751335144043
      },
      "25-26": {
        "mag_lo": 25.0,
        "mag_hi": 26.0,
        "n_scored": 200,
        "detection_rate_p03": 0.0,
        "detection_rate_p05": 0.0,
        "median_score": 2.6684550911365213e-05,
        "median_arc_snr": 2.312371611595154
      }
    }
  },
  "poisson_clip20": {
    "add_poisson_noise": true,
    "gain_e_per_nmgy": 150.0,
    "clip_range_override": 20.0,
    "beta_frac_range": [
      0.1,
      0.55
    ],
    "seed": 42,
    "results_by_bin": {
      "18-19": {
        "mag_lo": 18.0,
        "mag_hi": 19.0,
        "n_scored": 200,
        "detection_rate_p03": 0.31,
        "detection_rate_p05": 0.15,
        "median_score": 0.17037308061349535,
        "median_arc_snr": 1546.8970947265625
      },
      "19-20": {
        "mag_lo": 19.0,
        "mag_hi": 20.0,
        "n_scored": 200,
        "detection_rate_p03": 0.265,
        "detection_rate_p05": 0.16,
        "median_score": 0.1303316148030716,
        "median_arc_snr": 678.1929626464844
      },
      "20-21": {
        "mag_lo": 20.0,
        "mag_hi": 21.0,
        "n_scored": 200,
        "detection_rate_p03": 0.255,
        "detection_rate_p05": 0.16,
        "median_score": 0.06377888678913107,
        "median_arc_snr": 252.93999481201172
      },
      "21-22": {
        "mag_lo": 21.0,
        "mag_hi": 22.0,